Q9MZ03,VLIVLGVCLPVILALAIWVGV,http://www.uniprot.org/uniprot/Q9MZ03
Q5H879,TPMLLAAFSLGLALLPLLFFL,http://www.uniprot.org/uniprot/Q5H879
Q9NNX6,LGHGPLVLQLLSFTLLAGLLV,http://www.uniprot.org/uniprot/Q9NNX6
Q9H400,WAPPALWVLGCCALLLSLWAL,http://www.uniprot.org/uniprot/Q9H400
Q9EQR5,APLALWVLGCFSLLLWLWALC,http://www.uniprot.org/uniprot/Q9EQR5
O43561,ILVPCVLGLLLLPILAMLMALCV,http://www.uniprot.org/uniprot/O43561
O54957,ALSPVGLGLLLLPFLVTLLAALCV,http://www.uniprot.org/uniprot/O54957
O70601,ALSPVELGLLLLPFVVMLLAALCV,http://www.uniprot.org/uniprot/O70601
Q9JHL0,LLWPVSGLLLLLLGATAWLCV,http://www.uniprot.org/uniprot/Q9JHL0
Q8CGL2,LWPLSGLLLLLLLGTTAWLCV,http://www.uniprot.org/uniprot/Q8CGL2
Q9XTA8,SPWWCPAAVALGVLCLGSLMTII,http://www.uniprot.org/uniprot/Q9XTA8
Q08DM6,LGLSVFSMLCCFWPLGIAAFY,http://www.uniprot.org/uniprot/Q08DM6
Q9H7V2,LGLSVFSMLCCFWPLGIAAFY,http://www.uniprot.org/uniprot/Q9H7V2
Q4R532,LGLSVFSMLCCFWPLGIAAFY,http://www.uniprot.org/uniprot/Q4R532
A2ANU3,LGLSVFSMLCCFWPLGIAAFY,http://www.uniprot.org/uniprot/A2ANU3
Q58DZ9,LGLSVFSMLCCFWPLGIAAFY,http://www.uniprot.org/uniprot/Q58DZ9
Q6PIZ9,PFFLWGLLALLGLALVISLIF,http://www.uniprot.org/uniprot/Q6PIZ9
Q3UU67,PFFLWGLLAFLGLALVISLIF,http://www.uniprot.org/uniprot/Q3UU67
O43508,VPLALGLGLALACLGLLLAVV,http://www.uniprot.org/uniprot/O43508
O54907,APLVLSLGLALACLGLLLVVVSLG,http://www.uniprot.org/uniprot/O54907
P41047,LWLPVVFFMVLVALVGMGLGMY,http://www.uniprot.org/uniprot/P41047
P36940,LWLPVIFFMVLVALVGMGLGMY,http://www.uniprot.org/uniprot/P36940
Q5I3B1,ASCLVLFPRFLGTAFMLWLL,http://www.uniprot.org/uniprot/Q5I3B1
P55073,ASCLVLFPRFLGTAFMLWLL,http://www.uniprot.org/uniprot/P55073
Q91ZI8,ASCLVLFPRFLGTAFMLWLL,http://www.uniprot.org/uniprot/Q91ZI8
Q6QN11,ASCLVLFPRFLGTACMLWLL,http://www.uniprot.org/uniprot/Q6QN11
P49897,ASCLVLFPRFLGTAFMLWLL,http://www.uniprot.org/uniprot/P49897
Q6DN07,ASCLVLFPRFLGTAFMLWLL,http://www.uniprot.org/uniprot/Q6DN07
Q9MZ03,VLIVLGVCLPVILALAIWVGV,http://www.uniprot.org/uniprot/Q9MZ03
Q10589,KLLLGIGILVLLIIVILGVPLIIFTIKA,http://www.uniprot.org/uniprot/Q10589
Q5H879,TPMLLAAFSLGLALLPLLFFL,http://www.uniprot.org/uniprot/Q5H879
Q9NNX6,LGHGPLVLQLLSFTLLAGLLV,http://www.uniprot.org/uniprot/Q9NNX6
Q9Z2V2,IFMYLLTVFLITQMIGSVPFA,http://www.uniprot.org/uniprot/Q9Z2V2
A4KWA6,GGVITVVAIAIVVPLSVTLSV,http://www.uniprot.org/uniprot/A4KWA6
Q8VI21,CCGVIMVLTVAVVALSVALPA,http://www.uniprot.org/uniprot/Q8VI21
Q9D676,CCGVIMVLTVAVVALSVALPA,http://www.uniprot.org/uniprot/Q9D676
P81425,VLLGLLAIAALVTVITVPVVLLT,http://www.uniprot.org/uniprot/P81425
Q9N2I7,VLLGLLGLAALITIITVPVVLLN,http://www.uniprot.org/uniprot/Q9N2I7
P27487,VLLGLLGAAALVTIITVPVVLL,http://www.uniprot.org/uniprot/P27487
P28843,VLLGLLGVAALVTIITVPIVLL,http://www.uniprot.org/uniprot/P28843
P22411,VLLGLLGIAALVTVITVPVVL,http://www.uniprot.org/uniprot/P22411
P14740,VLLGLLGVAALVTIITVPVVLL,http://www.uniprot.org/uniprot/P14740
Q01628,IWALILGILMTILLIVIPVLI,http://www.uniprot.org/uniprot/Q01628
O43561,ILVPCVLGLLLLPILAMLMALCV,http://www.uniprot.org/uniprot/O43561
O54957,ALSPVGLGLLLLPFLVTLLAALCV,http://www.uniprot.org/uniprot/O54957
O70601,ALSPVELGLLLLPFVVMLLAALCV,http://www.uniprot.org/uniprot/O70601
Q08DM6,LGLSVFSMLCCFWPLGIAAFY,http://www.uniprot.org/uniprot/Q08DM6
Q9H7V2,LGLSVFSMLCCFWPLGIAAFY,http://www.uniprot.org/uniprot/Q9H7V2
Q4R532,LGLSVFSMLCCFWPLGIAAFY,http://www.uniprot.org/uniprot/Q4R532
A2ANU3,LGLSVFSMLCCFWPLGIAAFY,http://www.uniprot.org/uniprot/A2ANU3
Q58DZ9,LGLSVFSMLCCFWPLGIAAFY,http://www.uniprot.org/uniprot/Q58DZ9
Q7TS55,LKILQSGTYLIYGQVIPVDKK,http://www.uniprot.org/uniprot/Q7TS55
